ID,Email,Designation,FirstName,LastName,Nationality,EmployerName
101,owatson@example.org,Environmental health practitioner,Mackenzie,Hicks,AE,Academic Advantage
102,barneskimberly@example.net,Press sub,Tina,Lopez,IN,Advantage Testing
103,jodybradley@example.com,"Solicitor, Scotland",Taylor,Whitaker,US,BenchPrep
104,bromero@example.com,"Exhibitions officer, museum/gallery",John,Casey,UK,Boston College Test Prep
105,golson@example.com,Bookseller,Kevin,Gregory,SA,Chyten Premier Tutors
106,hoffmanchristopher@example.com,Barrister's clerk,Susan,Andersen,AUS,Club Z!
107,charles31@example.com,Retail manager,Nicole,Berg,PK,Frog Tutoring
108,david26@example.net,Clinical molecular geneticist,Alexis,Dunn,SL,Gables Tutoring And Test Prep
109,rstone@example.net,Corporate treasurer,Whitney,Flores,MA,"General Academic, Inc."
110,flynch@example.org,Sports therapist,Charles,Smith,SYN,Gold Star Tutors
111,tjohnson@example.org,Nature conservation officer,Elizabeth,Russell,AE,Gold Test Prep
112,donnalittle@example.com,Waste management officer,Charles,Arnold,IN,Guru Tutoring
113,davislisa@example.net,Chemical engineer,Amanda,Hudson,US,Huntington Learning Center
114,melendezbryan@example.net,Marine scientist,Jack,Parrish,UK,Ivy Global
115,bowenbrandy@example.net,Energy manager,Jeffrey,Ferrell,SA,Kaplan Test Prep
116,dbrock@example.net,Oncologist,Stephanie,Mayo,AUS,Kweller Prep
117,william14@example.net,Data scientist,Tyler,Fritz,PK,Manhattan Elite Prep
118,lindabell@example.net,Advertising copywriter,Kenneth,Dalton,SL,Miami Learning Center
119,scastro@example.com,Network engineer,Christine,Patel,MA,Parliament Tutors
120,petersonjeffrey@example.net,Oceanographer,Joseph,Black,SYN,Pinncale Prep
121,hendrixwilliam@example.com,Warehouse manager,Angelica,Steele,AE,Powerscore New York
122,emily81@example.org,Oceanographer,Micheal,Horton,IN,Prepped & Polished
123,hooverjessica@example.net,"Exhibitions officer, museum/gallery",Janet,Taylor,US,Primescore
124,jessica86@example.org,Chemical engineer,Jacob,Atkinson,UK,Private Prep
125,johnsonerik@example.com,"Therapist, nutritional",Kayla,Nichols,SA,Scholars Prep
126,sarahparks@example.org,Fitness centre manager,Catherine,Oneal,AUS,Score At The Top
127,sanchezanita@example.org,Chartered management accountant,Jay,Rios,PK,Specifix Prep
128,bethluna@example.net,Magazine features editor,Heather,Simpson,SL,StudyPoint
129,bennettelizabeth@example.net,Patent examiner,Scott,Lara,MA,Summit Educational Group
130,reevesdavid@example.org,Transport planner,Angela,Noble,SYN,TestMasters
131,jessica85@example.com,Politician's assistant,Matthew,Stone,AE,The Princeton Review
132,miguel46@example.net,Microbiologist,Veronica,Schwartz,IN,Top Test Prep
133,prestonmelton@example.org,Risk analyst,Linda,Richardson,US,Veritas Tutors
134,lindsaymatthews@example.org,Fine artist,Stephanie,Yates,UK,Victory Step Test Prep
135,krusso@example.com,Production engineer,Mark,Choi,SA,Wavelength Test Prep
136,morrismelissa@example.net,Ship broker,Michael,Mcguire,AUS,Academic Advantage
137,beckamanda@example.com,"Runner, broadcasting/film/video",Amy,Herrera,PK,Advantage Testing
138,emcmillan@example.org,Dance movement psychotherapist,Daniel,Turner,SL,BenchPrep
139,sloanamy@example.net,Games developer,Chelsey,Cabrera,MA,Boston College Test Prep
140,whiteabigail@example.com,Animal nutritionist,Jonathan,Chen,SYN,Chyten Premier Tutors
141,joshua34@example.com,"Librarian, academic",Michelle,Mcgee,AE,Club Z!
142,joshuabaldwin@example.org,Advertising art director,Nicholas,Ross,IN,Frog Tutoring
143,martin70@example.net,Proofreader,Michele,Stafford,US,Gables Tutoring And Test Prep
144,smithbrandon@example.org,Television production assistant,Mark,Mendoza,UK,"General Academic, Inc."
145,kristenbishop@example.net,Lawyer,Dennis,Davis,SA,Gold Star Tutors
146,juan22@example.org,"Production assistant, television",Connie,Moore,AUS,Gold Test Prep
147,ofowler@example.net,Passenger transport manager,Arthur,Brown,PK,Guru Tutoring
148,kwarren@example.com,"Horticulturist, amenity",Michael,Mason,SL,Huntington Learning Center
149,roberttaylor@example.net,Health promotion specialist,Natalie,Wallace,MA,Ivy Global
150,vhartman@example.org,Chartered public finance accountant,Patricia,Smith,SYN,Kaplan Test Prep
151,mike82@example.org,Biomedical scientist,Cheryl,Warren,AE,Kweller Prep
152,boyerelizabeth@example.net,"Therapist, drama",Sandra,Baker,IN,Manhattan Elite Prep
153,katherine86@example.org,"Nurse, adult",Martin,Gates,US,Miami Learning Center
154,andrew19@example.org,"Engineer, communications",Sarah,Hunter,UK,Parliament Tutors
155,timothyrivers@example.com,"Designer, textile",Brenda,Williams,SA,Pinncale Prep
156,candace74@example.net,Occupational hygienist,Brenda,Hunter,AUS,Powerscore New York
157,sharonmarshall@example.org,"Editor, commissioning",Jennifer,Thomas,PK,Prepped & Polished
158,caitlyn55@example.net,Gaffer,Tara,Black,SL,Primescore
159,eowen@example.net,Glass blower/designer,Sabrina,Calhoun,MA,Private Prep
160,dwerner@example.net,"Secretary, company",James,Reed,SYN,Scholars Prep
161,gibsonjessica@example.com,Podiatrist,Lisa,Monroe,AE,Score At The Top
162,dawnbaker@example.net,Tour manager,Michael,Davis,IN,Specifix Prep
163,toddlewis@example.org,Nutritional therapist,Emily,Chapman,US,StudyPoint
164,johnsondale@example.com,Interior and spatial designer,Drew,Contreras,UK,Summit Educational Group
165,hcarr@example.com,"Engineer, communications",Kevin,Brown,SA,TestMasters
166,andrew03@example.com,Building services engineer,Albert,Thompson,AUS,The Princeton Review
167,amywalker@example.com,Hospital pharmacist,Rebecca,Gibson,PK,Top Test Prep
168,garciasteven@example.net,Animal technologist,Ashley,Martin,SL,Veritas Tutors
169,tiffanygrant@example.net,Industrial buyer,Anna,Hooper,MA,Victory Step Test Prep
170,zreeves@example.org,Games developer,Jose,Smith,SYN,Wavelength Test Prep
171,ageorge@example.com,"Conservation officer, historic buildings",Christopher,Allison,AE,Academic Advantage
172,jessicaleach@example.net,"Chemist, analytical",Maria,Le,IN,Advantage Testing
173,donna27@example.org,Company secretary,Tara,Patterson,US,BenchPrep
174,andreacasey@example.org,Secondary school teacher,Karen,Kim,UK,Boston College Test Prep
175,jeffreyvega@example.org,"Engineer, water",Kevin,Krueger,SA,Chyten Premier Tutors
176,gutierrezelizabeth@example.net,Fine artist,Gregory,Sanchez,AUS,Club Z!
177,cmitchell@example.com,Financial planner,Ashlee,Short,PK,Frog Tutoring
178,beasleyvanessa@example.net,Learning disability nurse,John,Ross,SL,Gables Tutoring And Test Prep
179,rmyers@example.org,Video editor,Alyssa,Cobb,MA,"General Academic, Inc."
180,joshuahunt@example.com,Furniture designer,Caleb,Ramirez,SYN,Gold Star Tutors
181,christopher80@example.org,Retail merchandiser,Richard,Hartman,AE,Gold Test Prep
182,williamslee@example.net,"Editor, magazine features",Peter,Lee,IN,Guru Tutoring
183,qcollins@example.net,"Psychologist, counselling",Emma,Nelson,US,Huntington Learning Center
184,annmorrison@example.org,Retail banker,Ronnie,Cuevas,UK,Ivy Global
185,brianwatson@example.org,Maintenance engineer,Christy,Bell,SA,Kaplan Test Prep
186,ashley14@example.com,Glass blower/designer,Jennifer,Keller,AUS,Kweller Prep
187,isoto@example.com,"Nurse, children's",James,Harris,PK,Manhattan Elite Prep
188,markrogers@example.org,Publishing copy,Kyle,Palmer,SL,Miami Learning Center
189,ghicks@example.net,Telecommunications researcher,Linda,Becker,MA,Parliament Tutors
190,anthonybrown@example.org,Hydrogeologist,George,Berry,SYN,Pinncale Prep
191,danny36@example.org,Consulting civil engineer,Kevin,Wong,AE,Powerscore New York
192,dwalker@example.net,Product designer,Mary,Lopez,IN,Prepped & Polished
193,jonathancruz@example.net,Historic buildings inspector/conservation officer,Rhonda,Lopez,US,Primescore
194,raymondcherry@example.net,Theme park manager,Jessica,Patton,UK,Private Prep
195,cynthiahopkins@example.com,Fitness centre manager,Gina,Ortiz,SA,Scholars Prep
196,brianasmith@example.org,Magazine features editor,Zachary,Hernandez,AUS,Score At The Top
197,qheath@example.com,Copy,Danny,Arnold,PK,Specifix Prep
198,darlenecox@example.net,Network engineer,Christina,Griffith,SL,StudyPoint
199,torrescole@example.com,Industrial buyer,Jeremy,Herrera,MA,Summit Educational Group
200,jeffrey69@example.com,Multimedia specialist,Michael,Ramsey,SYN,TestMasters
201,agolden@example.com,Public relations officer,David,Salazar,AE,The Princeton Review
202,yateschad@example.org,"Programme researcher, broadcasting/film/video",Christopher,Garcia,IN,Top Test Prep
203,leah95@example.com,Physiological scientist,Annette,Martin,US,Veritas Tutors
204,bairdanna@example.org,"Accountant, chartered public finance",Micheal,Perry,UK,Victory Step Test Prep
205,amanda34@example.org,"Therapist, occupational",Carlos,Jordan,SA,Wavelength Test Prep
206,ashleygilbert@example.org,Technical brewer,Heidi,Martin,AUS,Academic Advantage
207,duncanscott@example.org,Mental health nurse,Jennifer,Cooper,PK,Advantage Testing
208,williamstrong@example.com,Contracting civil engineer,Julian,Robertson,SL,BenchPrep
209,michael47@example.com,"Optician, dispensing",Austin,Chapman,MA,Boston College Test Prep
210,triciapatterson@example.org,Forensic psychologist,Chase,Marquez,SYN,Chyten Premier Tutors
211,patricia48@example.org,Statistician,Robert,Lozano,AE,Club Z!
212,aklein@example.com,Newspaper journalist,Erika,Rivera,IN,Frog Tutoring
213,kayla87@example.com,Immunologist,Jonathan,White,US,Gables Tutoring And Test Prep
214,ronaldmann@example.com,"Engineer, biomedical",John,Hoffman,UK,"General Academic, Inc."
215,tinadavis@example.net,Production engineer,Ellen,Stone,SA,Gold Star Tutors
216,browningjames@example.org,"Therapist, occupational",Bruce,Ramirez,AUS,Gold Test Prep
217,jameshenderson@example.org,"Therapist, sports",Kevin,Duffy,PK,Guru Tutoring
218,halllori@example.com,Sub,Dennis,Aguirre,SL,Huntington Learning Center
219,ihale@example.net,Emergency planning/management officer,Eric,Barnes,MA,Ivy Global
220,candicepatel@example.com,Diplomatic Services operational officer,James,Lopez,SYN,Kaplan Test Prep
221,brittanylewis@example.net,"Education officer, community",Michael,Rodriguez,AE,Kweller Prep
222,david36@example.net,Probation officer,Heather,Cox,IN,Manhattan Elite Prep
223,zmayo@example.com,Manufacturing engineer,Zachary,Frazier,US,Miami Learning Center
224,rmcdonald@example.com,Social researcher,Samantha,Ortega,UK,Parliament Tutors
225,markmyers@example.com,"Production assistant, television",Frederick,Vega,SA,Pinncale Prep
226,carsonalejandro@example.com,Health service manager,Hannah,Hernandez,AUS,Powerscore New York
227,renee10@example.com,Theatre director,Michael,Cook,PK,Prepped & Polished
228,cvalenzuela@example.com,Administrator,William,Anderson,SL,Primescore
229,williamsjames@example.net,Dentist,Regina,York,MA,Private Prep
230,donald74@example.org,"Lecturer, further education",Autumn,Pacheco,SYN,Scholars Prep
231,twilson@example.net,"Engineer, aeronautical",Vincent,Beck,AE,Score At The Top
232,amanda21@example.com,Theatre stage manager,Angela,Rogers,IN,Specifix Prep
233,sarah83@example.org,Lawyer,Matthew,Hogan,US,StudyPoint
234,clambert@example.org,Tourism officer,Madeline,Berry,UK,Summit Educational Group
235,manuelscott@example.net,Colour technologist,Debra,Johnson,SA,TestMasters
236,christine14@example.net,Cartographer,Sharon,Walker,AUS,The Princeton Review
237,heather37@example.net,Estate agent,Joseph,Thompson,PK,Top Test Prep
238,michaelcaldwell@example.com,Museum/gallery curator,Ricky,Gonzales,SL,Veritas Tutors
239,michaelwarren@example.org,Insurance risk surveyor,April,Hoffman,MA,Victory Step Test Prep
240,jacobterry@example.com,Hospital pharmacist,Brandon,Johnson,SYN,Wavelength Test Prep
241,richardweber@example.org,"Chemist, analytical",Christina,Jacobs,AE,Academic Advantage
242,felicia86@example.net,Musician,Darryl,Cochran,IN,Advantage Testing
243,arnoldsierra@example.net,"Engineer, electrical",Monica,Hill,US,BenchPrep
244,littlewendy@example.net,Web designer,Tony,Flynn,UK,Boston College Test Prep
245,foxscott@example.net,Metallurgist,Garrett,Willis,SA,Chyten Premier Tutors
246,stephanie10@example.net,Claims inspector/assessor,Nicholas,Gross,AUS,Club Z!
247,pmitchell@example.net,Press sub,Melissa,Roberts,PK,Frog Tutoring
248,lisacarter@example.org,Speech and language therapist,Jerome,Perry,SL,Gables Tutoring And Test Prep
249,efreeman@example.org,Air cabin crew,Kristy,Love,MA,"General Academic, Inc."
250,cparker@example.net,Dancer,Eric,Lee,SYN,Gold Star Tutors
251,michael98@example.net,Software engineer,Robert,Smith,AE,Gold Test Prep
252,katherinepeters@example.net,Merchant navy officer,Luke,Garcia,IN,Guru Tutoring
253,brenda98@example.com,Geoscientist,Alexander,Shelton,US,Huntington Learning Center
254,uarmstrong@example.net,Magazine journalist,David,Brown,UK,Ivy Global
255,rileyvanessa@example.com,Furniture conservator/restorer,Michael,Gonzales,SA,Kaplan Test Prep
256,gail41@example.com,Chief Executive Officer,William,Butler,AUS,Kweller Prep
257,elizabethhall@example.com,Educational psychologist,Abigail,Ryan,PK,Manhattan Elite Prep
258,tranalexis@example.com,Holiday representative,Daniel,Gordon,SL,Miami Learning Center
259,michael67@example.net,"Development worker, community",Robert,Jones,MA,Parliament Tutors
260,heathjames@example.com,Quantity surveyor,Michael,Murray,SYN,Pinncale Prep
261,ian17@example.org,Legal executive,Kimberly,Smith,AE,Powerscore New York
262,christopherrussell@example.net,Water engineer,Jacob,Skinner,IN,Prepped & Polished
263,john54@example.org,Recruitment consultant,April,Haynes,US,Primescore
264,smithaustin@example.org,Tax inspector,Robert,Williams,UK,Private Prep
265,colemansylvia@example.net,"Scientist, forensic",Teresa,Collins,SA,Scholars Prep
266,clewis@example.org,"Copywriter, advertising",Karen,Underwood,AUS,Score At The Top
267,gilmoreeric@example.net,Chartered loss adjuster,Amber,Brown,PK,Specifix Prep
268,frobles@example.org,Arboriculturist,Sarah,Duncan,SL,StudyPoint
269,krystalvillarreal@example.org,Recycling officer,Cassandra,Wong,MA,Summit Educational Group
270,gregory40@example.net,English as a second language teacher,Christine,Cowan,SYN,TestMasters
271,bjones@example.net,Waste management officer,James,Duncan,AE,The Princeton Review
272,tunderwood@example.net,Systems developer,Dylan,Miller,IN,Top Test Prep
273,icharles@example.org,Maintenance engineer,Tracy,Anderson,US,Veritas Tutors
274,villanuevaamanda@example.net,Advertising account planner,Cesar,Copeland,UK,Victory Step Test Prep
275,leechang@example.com,Exercise physiologist,Hannah,Rodriguez,SA,Wavelength Test Prep
276,steven64@example.com,Probation officer,Gregory,Maddox,AUS,Academic Advantage
277,ithomas@example.com,"Civil engineer, contracting",Andrew,Pierce,PK,Advantage Testing
278,kimberly21@example.org,Textile designer,Melanie,Watts,SL,BenchPrep
279,thomaspierce@example.net,"Horticulturist, commercial",Michael,Bryant,MA,Boston College Test Prep
280,jill38@example.com,Probation officer,Stephanie,Griffith,SYN,Chyten Premier Tutors
281,brennanryan@example.com,Associate Professor,Larry,Smith,AE,Club Z!
282,walterfields@example.com,Clinical cytogeneticist,Hannah,Luna,IN,Frog Tutoring
283,kfoley@example.com,Production engineer,Brenda,Greene,US,Gables Tutoring And Test Prep
284,leonard20@example.org,Osteopath,Lisa,Goodwin,UK,"General Academic, Inc."
285,bgeorge@example.net,Product designer,David,Rogers,SA,Gold Star Tutors
286,browntanya@example.com,Set designer,Scott,Richard,AUS,Gold Test Prep
287,donaldfrazier@example.net,Brewing technologist,Melissa,Santos,PK,Guru Tutoring
288,harrisfelicia@example.net,Architectural technologist,Laura,Snyder,SL,Huntington Learning Center
289,sotojames@example.com,Management consultant,James,Dixon,MA,Ivy Global
290,tporter@example.com,Chief Technology Officer,Jennifer,West,SYN,Kaplan Test Prep
291,ejohnson@example.com,Operational investment banker,John,Delgado,AE,Kweller Prep
292,joehernandez@example.org,Ambulance person,James,Tapia,IN,Manhattan Elite Prep
293,stephen32@example.org,Furniture designer,Heather,Anderson,US,Miami Learning Center
294,nelsonmorgan@example.com,Museum/gallery curator,Lee,Park,UK,Parliament Tutors
295,diana84@example.net,Brewing technologist,John,Ewing,SA,Pinncale Prep
296,stephenrodriguez@example.org,Systems analyst,David,Gallegos,AUS,Powerscore New York
297,tbaker@example.com,"Therapist, music",Anthony,Clark,PK,Prepped & Polished
298,kennethreyes@example.org,Metallurgist,Melissa,Graves,SL,Primescore
299,kentcarter@example.org,Animal technologist,Marc,Ramirez,MA,Private Prep
300,shirleycortez@example.net,"Surveyor, land/geomatics",Alyssa,Brown,SYN,Scholars Prep
301,hdavis@example.net,Event organiser,Patrick,Valencia,AE,Score At The Top
302,valeriecardenas@example.com,Research scientist (life sciences),Jason,Perez,IN,Specifix Prep
303,brian38@example.org,"Development worker, international aid",Stephanie,Mcknight,US,StudyPoint
304,rogeranderson@example.org,Advertising art director,Jennifer,Jacobs,UK,Summit Educational Group
305,karen05@example.com,Clinical embryologist,Priscilla,Johnson,SA,TestMasters
306,duncanwilliam@example.net,Insurance claims handler,Elaine,Garcia,AUS,The Princeton Review
307,hdiaz@example.org,Therapeutic radiographer,Brooke,Diaz,PK,Top Test Prep
308,ireilly@example.net,Museum/gallery curator,Katherine,Robertson,SL,Veritas Tutors
309,candrews@example.com,"Engineer, chemical",Rodney,Woods,MA,Victory Step Test Prep
310,savannahsantiago@example.com,Structural engineer,Dillon,Rodriguez,SYN,Wavelength Test Prep
311,nguyenrichard@example.net,Careers information officer,Anthony,Spencer,AE,Academic Advantage
312,hugheskathryn@example.com,Drilling engineer,Sherry,Morris,IN,Advantage Testing
313,reedlaura@example.net,"Production assistant, radio",Cory,Rowe,US,BenchPrep
314,manuelsutton@example.com,Risk analyst,Rhonda,Andrews,UK,Boston College Test Prep
315,jeffrey65@example.net,Air cabin crew,Mark,Burke,SA,Chyten Premier Tutors
316,anorman@example.net,Visual merchandiser,Debra,Jenkins,AUS,Club Z!
317,jessica73@example.net,"Psychotherapist, dance movement",Justin,Reeves,PK,Frog Tutoring
318,jill33@example.org,"Scientist, research (medical)",Cindy,Price,SL,Gables Tutoring And Test Prep
319,ruthdiaz@example.net,Geoscientist,Amber,Nelson,MA,"General Academic, Inc."
320,thomas48@example.org,Tourist information centre manager,Carol,Dixon,SYN,Gold Star Tutors
321,ifernandez@example.net,Accommodation manager,Lisa,Jones,AE,Gold Test Prep
322,nicolefoster@example.com,Public relations officer,Heather,Donovan,IN,Guru Tutoring
323,john13@example.com,Geophysical data processor,Elizabeth,Garcia,US,Huntington Learning Center
324,gthomas@example.com,Special educational needs teacher,Kendra,Spencer,UK,Ivy Global
325,dcastillo@example.com,Educational psychologist,Mandy,Owens,SA,Kaplan Test Prep
326,mullinscaitlin@example.net,Games developer,Ronald,Haynes,AUS,Kweller Prep
327,xvega@example.org,Marine scientist,Steven,Massey,PK,Manhattan Elite Prep
328,elizabethlopez@example.net,"Teacher, early years/pre",David,Chan,SL,Miami Learning Center
329,dmiles@example.org,Chartered public finance accountant,Erin,Freeman,MA,Parliament Tutors
330,ycontreras@example.com,Hotel manager,Katherine,Harmon,SYN,Pinncale Prep
331,robertwalker@example.net,Multimedia specialist,Tanner,Neal,AE,Powerscore New York
332,kellyzamora@example.com,Tax inspector,Jeremy,Nichols,IN,Prepped & Polished
333,jonesjason@example.net,"Surveyor, land/geomatics",Jennifer,Morales,US,Primescore
334,powelloscar@example.com,Tourist information centre manager,Brianna,Glover,UK,Private Prep
335,jefffloyd@example.com,Armed forces training and education officer,Melissa,Bell,SA,Scholars Prep
336,mathisjustin@example.org,"Development worker, community",Karen,Barrett,AUS,Score At The Top
337,rickywalker@example.org,"Librarian, public",Eileen,Turner,PK,Specifix Prep
338,qhuang@example.org,"Teacher, primary school",Christy,Orr,SL,StudyPoint
339,sawyercourtney@example.com,Seismic interpreter,Amber,Lee,MA,Summit Educational Group
340,vmorales@example.com,Production engineer,Megan,Kennedy,SYN,TestMasters
341,youngteresa@example.org,Electrical engineer,Dana,Osborne,AE,The Princeton Review
342,cynthia13@example.net,"Lecturer, higher education",Amanda,Barrett,IN,Top Test Prep
343,lindsey91@example.com,Music tutor,Valerie,Burns,US,Veritas Tutors
344,williamswilliam@example.org,Research scientist (physical sciences),Daniel,Griffin,UK,Victory Step Test Prep
345,jeffreygilbert@example.com,English as a foreign language teacher,Brett,Morrison,SA,Wavelength Test Prep
346,karenadams@example.net,"Nurse, adult",Emily,Carlson,AUS,Academic Advantage
347,jeffrey97@example.com,Restaurant manager,David,Brown,PK,Advantage Testing
348,davisalan@example.net,Senior tax professional/tax inspector,Joshua,Cordova,SL,BenchPrep
349,stacy29@example.net,"Psychotherapist, child",Matthew,Mercer,MA,Boston College Test Prep
350,robertcardenas@example.org,Environmental consultant,James,Villanueva,SYN,Chyten Premier Tutors
351,wendy56@example.net,Best boy,James,Thompson,AE,Club Z!
352,jamesali@example.org,Forensic scientist,Erin,Franklin,IN,Frog Tutoring
353,karen23@example.com,International aid/development worker,Rachel,Shaw,US,Gables Tutoring And Test Prep
354,debra90@example.org,Economist,Laura,Butler,UK,"General Academic, Inc."
355,freemanadam@example.org,Energy engineer,John,Phillips,SA,Gold Star Tutors
356,timothyhicks@example.com,English as a second language teacher,Allen,Brown,AUS,Gold Test Prep
357,longveronica@example.org,Microbiologist,Nicholas,Lozano,PK,Guru Tutoring
358,oramos@example.net,"Therapist, horticultural",Joel,Carr,SL,Huntington Learning Center
359,bullockmarcus@example.net,Radio broadcast assistant,Chloe,Welch,MA,Ivy Global
360,andrewwashington@example.org,Public affairs consultant,Kathy,Norris,SYN,Kaplan Test Prep
361,brandimurphy@example.org,"Journalist, newspaper",Gary,Davis,AE,Kweller Prep
362,iroberts@example.com,"Engineer, energy",Angela,Mitchell,IN,Manhattan Elite Prep
363,leah76@example.net,Tourism officer,Lydia,Chen,US,Miami Learning Center
364,kristen71@example.org,Intelligence analyst,Michael,Rivers,UK,Parliament Tutors
365,debra03@example.com,Mining engineer,George,Lee,SA,Pinncale Prep
366,mflores@example.net,Art therapist,Jeffrey,Banks,AUS,Powerscore New York
367,tclark@example.net,"Education officer, environmental",Jason,Robinson,PK,Prepped & Polished
368,katelyn06@example.net,Insurance account manager,Jacqueline,Morales,SL,Primescore
369,jo85@example.org,Higher education lecturer,Mary,Lawrence,MA,Private Prep
370,juan17@example.org,Clinical biochemist,Sean,Wyatt,SYN,Scholars Prep
371,pdawson@example.org,Optometrist,Melissa,Smith,AE,Score At The Top
372,moraleskyle@example.org,Health service manager,Anthony,Martin,IN,Specifix Prep
373,lopezshannon@example.com,Medical sales representative,Juan,Kennedy,US,StudyPoint
374,brownbradley@example.net,Building control surveyor,Marisa,Wells,UK,Summit Educational Group
375,walterturner@example.com,"Engineer, manufacturing systems",Kelly,Ramos,SA,TestMasters
376,schroederjessica@example.net,"Chemist, analytical",Michael,King,AUS,The Princeton Review
377,dalton44@example.org,Race relations officer,Joseph,Morales,PK,Top Test Prep
378,harrisalexis@example.com,Database administrator,Frank,Christensen,SL,Veritas Tutors
379,lhobbs@example.org,"Nurse, adult",David,Quinn,MA,Victory Step Test Prep
380,xpeterson@example.org,"Horticulturist, commercial",Meghan,Mclean,SYN,Wavelength Test Prep
381,fmckenzie@example.net,Exhibition designer,Andrew,Fisher,AE,Academic Advantage
382,justinmeyer@example.com,Make,Erik,Wilkins,IN,Advantage Testing
383,bboyd@example.net,Technical author,Sara,Aguilar,US,BenchPrep
384,clarktroy@example.com,Government social research officer,Nathaniel,Wilson,UK,Boston College Test Prep
385,ygeorge@example.org,Passenger transport manager,Stephanie,Russell,SA,Chyten Premier Tutors
386,amandadorsey@example.org,Retail buyer,Wayne,Rivera,AUS,Club Z!
387,kathychurch@example.com,"Engineer, drilling",Timothy,Phillips,PK,Frog Tutoring
388,christina78@example.net,Event organiser,Cynthia,Robinson,SL,Gables Tutoring And Test Prep
389,joseph58@example.com,"Engineer, civil (consulting)",Michael,Fernandez,MA,"General Academic, Inc."
390,mark91@example.org,"Therapist, art",Martin,Vasquez,SYN,Gold Star Tutors
391,calderonsharon@example.net,Intelligence analyst,Devin,Hernandez,AE,Gold Test Prep
392,jacqueline64@example.org,Research scientist (maths),Brian,Rodriguez,IN,Guru Tutoring
393,victoria31@example.org,"Production designer, theatre/television/film",Anthony,Berry,US,Huntington Learning Center
394,tracysheppard@example.com,"Sales professional, IT",Meghan,Hayes,UK,Ivy Global
395,kevinphillips@example.com,"Scientist, audiological",Mary,Phillips,SA,Kaplan Test Prep
396,williamsashley@example.org,"Production assistant, television",Brian,Foley,AUS,Kweller Prep
397,lbowers@example.com,"Therapist, speech and language",Denise,Martinez,PK,Manhattan Elite Prep
398,obeasley@example.org,"Conservation officer, nature",Natalie,Allen,SL,Miami Learning Center
399,scottpage@example.com,Recycling officer,Jacqueline,Kirk,MA,Parliament Tutors
400,joshuanelson@example.org,"Doctor, hospital",Kathy,Khan,SYN,Pinncale Prep
401,phillip89@example.com,Plant breeder/geneticist,Misty,Gordon,AE,Powerscore New York
402,juliandennis@example.com,Psychiatrist,Robert,Brown,IN,Prepped & Polished
403,matthewmcfarland@example.net,"Surveyor, building",Kara,Oneal,US,Primescore
404,christensenadam@example.com,Museum/gallery exhibitions officer,Daniel,White,UK,Private Prep
405,lisabond@example.org,Commercial/residential surveyor,Nathaniel,Brooks,SA,Scholars Prep
406,petersentammy@example.net,Lobbyist,Sydney,Black,AUS,Score At The Top
407,nancychristian@example.com,Insurance account manager,James,Taylor,PK,Specifix Prep
408,gary71@example.net,"Engineer, manufacturing systems",Joseph,Moore,SL,StudyPoint
409,blackburnjeffrey@example.net,Energy engineer,Melanie,Anderson,MA,Summit Educational Group
410,ryangilbert@example.net,Secretary/administrator,Michael,Griffin,SYN,TestMasters
411,jrogers@example.org,Agricultural engineer,Mary,Castillo,AE,The Princeton Review
412,mclaughlinlauren@example.net,Human resources officer,Frederick,Davis,IN,Top Test Prep
413,davidsilva@example.com,Horticultural therapist,Debra,Thomas,US,Veritas Tutors
414,jensenhailey@example.org,"Therapist, horticultural",James,Harvey,UK,Victory Step Test Prep
415,sylvia23@example.org,"Solicitor, Scotland",Mary,Stevens,SA,Wavelength Test Prep
416,simpsonjacqueline@example.org,Financial controller,Donna,Mcdonald,AUS,Academic Advantage
417,rflores@example.org,Data processing manager,Cynthia,James,PK,Advantage Testing
418,ihall@example.net,"Teacher, music",Krystal,Gordon,SL,BenchPrep
419,zrobinson@example.com,Meteorologist,Kyle,Howard,MA,Boston College Test Prep
420,matthewsmith@example.com,Dealer,Thomas,Martin,SYN,Chyten Premier Tutors
421,clewis@example.org,Forensic psychologist,Lauren,Hart,AE,Club Z!
422,christopher91@example.net,Sales executive,Jennifer,Crawford,IN,Frog Tutoring
423,kayla46@example.net,"Therapist, drama",William,Heath,US,Gables Tutoring And Test Prep
424,robin51@example.com,Oceanographer,Scott,Nguyen,UK,"General Academic, Inc."
425,vhenry@example.org,Financial adviser,Jimmy,Gonzalez,SA,Gold Star Tutors
426,ann42@example.org,Immigration officer,Aaron,Arnold,AUS,Gold Test Prep
427,brianna22@example.com,Medical sales representative,Joseph,Hodges,PK,Guru Tutoring
428,laura99@example.org,"Journalist, broadcasting",Lori,Thompson,SL,Huntington Learning Center
429,katherineavery@example.org,Dealer,Kyle,Morrison,MA,Ivy Global
430,nicholasguerrero@example.net,"Pharmacist, hospital",Stephanie,Garcia,SYN,Kaplan Test Prep
431,brownmichael@example.com,"Geologist, wellsite",Danielle,Williams,AE,Kweller Prep
432,hwebb@example.net,Theatre manager,Kevin,Williams,IN,Manhattan Elite Prep
433,christopherpollard@example.org,Chartered legal executive (England and Wales),Sheena,Santiago,US,Miami Learning Center
434,ucolon@example.net,Press sub,Renee,Smith,UK,Parliament Tutors
435,ejames@example.com,Trade union research officer,Christopher,Hernandez,SA,Pinncale Prep
436,johnsonpatrick@example.net,Clinical cytogeneticist,Kimberly,Wells,AUS,Powerscore New York
437,torresmichael@example.net,"Geologist, engineering",David,Morris,PK,Prepped & Polished
438,jennifer52@example.com,Quantity surveyor,Holly,Harris,SL,Primescore
439,nicolejacobson@example.org,IT sales professional,James,Rangel,MA,Private Prep
440,blackburnthomas@example.com,Customer service manager,Ann,Davis,SYN,Scholars Prep
441,rhonda29@example.org,Plant breeder/geneticist,Louis,Paul,AE,Score At The Top
442,jacob80@example.org,"Physicist, medical",Jill,Christian,IN,Specifix Prep
443,nina88@example.org,"Accountant, chartered public finance",Alicia,Hogan,US,StudyPoint
444,kelleykenneth@example.com,"Lecturer, higher education",Melissa,Lynch,UK,Summit Educational Group
445,alexanderjones@example.net,"Psychologist, sport and exercise",David,Johnson,SA,TestMasters
446,uwallace@example.org,Clinical embryologist,Justin,Walker,AUS,The Princeton Review
447,alexandra05@example.org,Retail buyer,Sheri,Li,PK,Top Test Prep
448,silvadavid@example.net,Sports development officer,Steven,Mcguire,SL,Veritas Tutors
449,seandavidson@example.com,Minerals surveyor,Victor,King,MA,Victory Step Test Prep
450,probinson@example.org,"Programmer, systems",Caitlyn,Tucker,SYN,Wavelength Test Prep
451,perezdakota@example.com,"Engineer, broadcasting (operations)",Cody,Barnes,AE,Academic Advantage
452,robertsontimothy@example.com,Actor,Scott,Duke,IN,Advantage Testing
453,johnsonashlee@example.org,Clinical molecular geneticist,Anthony,Kaufman,US,BenchPrep
454,gregorywilkins@example.com,Psychiatrist,Joel,Morrison,UK,Boston College Test Prep
455,carla45@example.com,Pathologist,Corey,Campbell,SA,Chyten Premier Tutors
456,lunaandrew@example.org,"Psychologist, counselling",Daniel,Schneider,AUS,Club Z!
457,lewispeter@example.org,"Administrator, local government",Samantha,Mahoney,PK,Frog Tutoring
458,williamvaughn@example.net,Heritage manager,Connie,Mitchell,SL,Gables Tutoring And Test Prep
459,desireeayala@example.net,Building services engineer,Cynthia,Griffith,MA,"General Academic, Inc."
460,daniel37@example.com,Horticultural consultant,Andrea,Randall,SYN,Gold Star Tutors
461,rbowers@example.net,"Engineer, production",Christopher,Swanson,AE,Gold Test Prep
462,youngarthur@example.com,"Geologist, wellsite",Elizabeth,Taylor,IN,Guru Tutoring
463,briannichols@example.net,Chief Technology Officer,John,Maldonado,US,Huntington Learning Center
464,colewhite@example.net,"Psychologist, forensic",Tammy,Smith,UK,Ivy Global
465,denise45@example.com,Purchasing manager,Kimberly,Zimmerman,SA,Kaplan Test Prep
466,qdelgado@example.com,Oncologist,Logan,Conner,AUS,Kweller Prep
467,nicolefinley@example.net,"Engineer, agricultural",Jason,Wood,PK,Manhattan Elite Prep
468,jessica54@example.org,"Civil engineer, consulting",Heather,Smith,SL,Miami Learning Center
469,shelly44@example.com,"Lecturer, higher education",Robert,Gordon,MA,Parliament Tutors
470,fgibson@example.org,Medical laboratory scientific officer,Lisa,Barrett,SYN,Pinncale Prep
471,odonnellmonica@example.net,Aeronautical engineer,Robert,Taylor,AE,Powerscore New York
472,amiller@example.com,Midwife,Aaron,Black,IN,Prepped & Polished
473,garylewis@example.com,"Programmer, applications",Erin,Garrett,US,Primescore
474,barbaraandersen@example.com,Commercial horticulturist,Robert,Tate,UK,Private Prep
475,kimberly29@example.org,Dancer,Nicole,Merritt,SA,Scholars Prep
476,nicholas04@example.com,Personal assistant,Catherine,Pena,AUS,Score At The Top
477,jessica02@example.org,Legal executive,Joshua,Gomez,PK,Specifix Prep
478,ipalmer@example.net,"Exhibitions officer, museum/gallery",Joseph,Flores,SL,StudyPoint
479,ann38@example.com,Community pharmacist,Cathy,Reyes,MA,Summit Educational Group
480,matthew77@example.com,Immigration officer,Evan,Carrillo,SYN,TestMasters
481,williamrhodes@example.com,Archaeologist,Leonard,Blake,AE,The Princeton Review
482,raymond39@example.org,Printmaker,Lisa,Myers,IN,Top Test Prep
483,william03@example.net,IT consultant,Sarah,Jones,US,Veritas Tutors
484,brian55@example.net,Illustrator,David,Herring,UK,Victory Step Test Prep
485,brandy17@example.org,Immunologist,Charles,Benson,SA,Wavelength Test Prep
486,ygarcia@example.net,"Designer, furniture",Jesse,Huber,AUS,Academic Advantage
487,uharper@example.net,Architectural technologist,Laura,Rodriguez,PK,Advantage Testing
488,mary77@example.net,Broadcast presenter,Chad,Richardson,SL,BenchPrep
489,lreed@example.net,Personal assistant,Rodney,Campbell,MA,Boston College Test Prep
490,mward@example.net,Air cabin crew,Eric,White,SYN,Chyten Premier Tutors
491,jenniferjones@example.org,"Investment banker, operational",Brandi,Campbell,AE,Club Z!
492,cortezbrooke@example.com,Industrial/product designer,Jennifer,Flores,IN,Frog Tutoring
493,davidgalloway@example.com,Ecologist,Alicia,Robinson,US,Gables Tutoring And Test Prep
494,richard17@example.com,"Scientist, forensic",Stefanie,Dominguez,UK,"General Academic, Inc."
495,jennifer16@example.net,Careers adviser,John,Bender,SA,Gold Star Tutors
496,blevinsmichael@example.net,"Runner, broadcasting/film/video",Matthew,Bradford,AUS,Gold Test Prep
497,aaronhodges@example.com,Claims inspector/assessor,Jack,Franco,PK,Guru Tutoring
498,phillipssamuel@example.org,Warden/ranger,Yolanda,Barton,SL,Huntington Learning Center
499,wthomas@example.org,"Librarian, academic",George,Hernandez,MA,Ivy Global
500,david85@example.org,Operational investment banker,Mary,Garza,SYN,Kaplan Test Prep
501,ryanricardo@example.net,Archaeologist,Joshua,Mccarty,AE,Kweller Prep
502,samantha81@example.net,Warehouse manager,Jacob,Perez,IN,Manhattan Elite Prep
503,regina49@example.org,Meteorologist,Paul,Summers,US,Miami Learning Center
504,sibarra@example.org,Catering manager,Alyssa,Johnson,UK,Parliament Tutors
505,castrojeffery@example.org,"Surveyor, quantity",Cameron,Hess,SA,Pinncale Prep
506,reneelambert@example.net,"Scientist, audiological",Sherry,Garrett,AUS,Powerscore New York
507,fcooper@example.net,TEFL teacher,Shawn,Wright,PK,Prepped & Polished
508,melissaeaton@example.com,Aeronautical engineer,Wayne,Henderson,SL,Primescore
509,edwardwilliams@example.net,Operations geologist,Brian,Williams,MA,Private Prep
510,travishughes@example.com,Hydrologist,Melissa,Ryan,SYN,Scholars Prep
511,allisonjones@example.com,Personal assistant,David,Stokes,AE,Score At The Top
512,potterhelen@example.org,Horticultural therapist,Joseph,Payne,IN,Specifix Prep
513,seanmiller@example.com,Materials engineer,James,Scott,US,StudyPoint
514,rebeccaschneider@example.com,Fine artist,Jason,Smith,UK,Summit Educational Group
515,yhamilton@example.net,"Social research officer, government",Christopher,Osborne,SA,TestMasters
516,fmcgee@example.org,Environmental health practitioner,Thomas,Meadows,AUS,The Princeton Review
517,estradaryan@example.com,Early years teacher,Christopher,West,PK,Top Test Prep
518,elizabeth59@example.net,Publishing copy,Cheryl,Brown,SL,Veritas Tutors
519,pnelson@example.com,Colour technologist,Billy,Klein,MA,Victory Step Test Prep
520,fnorton@example.com,Lexicographer,Andrew,Kaiser,SYN,Wavelength Test Prep
521,jessicagarcia@example.net,Pharmacologist,Susan,Cook,AE,Academic Advantage
522,ffranco@example.org,Teaching laboratory technician,Shelly,Winters,IN,Advantage Testing
523,stephen38@example.com,Orthoptist,Joseph,Nguyen,US,BenchPrep
524,doriswhite@example.org,Copy,Harold,Baxter,UK,Boston College Test Prep
525,fsandoval@example.net,"Designer, jewellery",Steven,Maldonado,SA,Chyten Premier Tutors
526,ymoreno@example.com,Early years teacher,Matthew,Rivera,AUS,Club Z!
527,nnorton@example.org,"Surveyor, minerals",Matthew,Gutierrez,PK,Frog Tutoring
528,brandon16@example.org,"Surveyor, building",Brent,Stevens,SL,Gables Tutoring And Test Prep
529,bmorgan@example.net,Insurance underwriter,Christopher,Evans,MA,"General Academic, Inc."
530,oevans@example.com,Manufacturing engineer,Gregory,Brooks,SYN,Gold Star Tutors
531,sandra82@example.com,Insurance claims handler,Diane,Smith,AE,Gold Test Prep
532,rebecca93@example.com,Ceramics designer,Amy,Christensen,IN,Guru Tutoring
533,steven12@example.org,Quality manager,Erik,Clark,US,Huntington Learning Center
534,jamessmith@example.com,Research scientist (maths),Catherine,Wells,UK,Ivy Global
535,oturner@example.net,"Administrator, sports",Traci,Collins,SA,Kaplan Test Prep
536,michael82@example.net,Lawyer,John,Velasquez,AUS,Kweller Prep
537,hnelson@example.com,Forest/woodland manager,Jennifer,Hayes,PK,Manhattan Elite Prep
538,mmendoza@example.net,Automotive engineer,Austin,Alexander,SL,Miami Learning Center
539,fletcherjeremy@example.com,Financial risk analyst,Sean,Bray,MA,Parliament Tutors
540,amanda37@example.org,Insurance underwriter,Dustin,Garrett,SYN,Pinncale Prep
541,teresamurray@example.org,"Editor, commissioning",Timothy,Ramos,AE,Powerscore New York
542,karengordon@example.com,"Conservator, museum/gallery",Amber,Miller,IN,Prepped & Polished
543,snyderashley@example.com,Phytotherapist,Stephanie,Figueroa,US,Primescore
544,martinezjennifer@example.net,Maintenance engineer,Gregory,Taylor,UK,Private Prep
545,rebecca79@example.com,Counselling psychologist,Heather,Hoffman,SA,Scholars Prep
546,hrodriguez@example.com,"Designer, blown glass/stained glass",Meghan,Morris,AUS,Score At The Top
547,lthompson@example.com,"Programme researcher, broadcasting/film/video",Adam,Robbins,PK,Specifix Prep
548,hmurphy@example.org,"Engineer, water",Lydia,Hall,SL,StudyPoint
549,boothcolleen@example.org,Furniture conservator/restorer,Tiffany,Crawford,MA,Summit Educational Group
550,zcortez@example.net,Environmental consultant,Erika,Turner,SYN,TestMasters
551,matthewfarmer@example.net,Video editor,Jason,James,AE,The Princeton Review
552,meyerpatricia@example.com,Hotel manager,John,Rodriguez,IN,Top Test Prep
553,allison94@example.com,"Scientist, clinical (histocompatibility and immunogenetics)",Robert,Spence,US,Veritas Tutors
554,josephdunn@example.net,"Producer, television/film/video",Theresa,Lopez,UK,Victory Step Test Prep
555,shernandez@example.com,Hydrogeologist,Kristy,Davis,SA,Wavelength Test Prep
556,edwardsjason@example.org,Stage manager,Lisa,Gomez,AUS,Academic Advantage
557,andrewsharry@example.net,"Programmer, applications",Nancy,Pittman,PK,Advantage Testing
558,smithjennifer@example.org,Dancer,Sherri,Henderson,SL,BenchPrep
559,westeugene@example.org,Administrator,Anna,Hernandez,MA,Boston College Test Prep
560,megan51@example.net,Colour technologist,Tiffany,Edwards,SYN,Chyten Premier Tutors
561,courtney49@example.com,"Lecturer, further education",Erin,Fernandez,AE,Club Z!
562,jennifer89@example.net,Actor,Nancy,Cole,IN,Frog Tutoring
563,bartonnicholas@example.org,Public affairs consultant,Tami,Watkins,US,Gables Tutoring And Test Prep
564,damonstewart@example.net,"Psychologist, counselling",Michael,Phillips,UK,"General Academic, Inc."
565,ahodges@example.com,Location manager,Susan,Henderson,SA,Gold Star Tutors
566,kyleharding@example.org,Forensic psychologist,Henry,Ramirez,AUS,Gold Test Prep
567,fraziersteven@example.com,"Engineer, petroleum",Richard,Shaw,PK,Guru Tutoring
568,dkeller@example.com,Curator,Timothy,Wood,SL,Huntington Learning Center
569,lisa56@example.com,"Teacher, English as a foreign language",Mary,Spencer,MA,Ivy Global
570,stewartjaclyn@example.com,"Secretary, company",Troy,Paul,SYN,Kaplan Test Prep
571,kurtbailey@example.net,Set designer,Andrea,Walker,AE,Kweller Prep
572,karen99@example.com,Barista,Nancy,Copeland,IN,Manhattan Elite Prep
573,katherine51@example.org,Armed forces logistics/support/administrative officer,Beth,Smith,US,Miami Learning Center
574,renee92@example.org,"Administrator, Civil Service",Tina,Wilson,UK,Parliament Tutors
575,wilsoncharles@example.net,Product/process development scientist,Rebecca,Harrington,SA,Pinncale Prep
576,russell89@example.com,"Research officer, government",Alexander,Sharp,AUS,Powerscore New York
577,bwalker@example.net,"Research officer, trade union",Tommy,Bolton,PK,Prepped & Polished
578,vgibson@example.org,Printmaker,Dakota,Dean,SL,Primescore
579,andersontammy@example.com,Commercial horticulturist,Timothy,Bates,MA,Private Prep
580,nguyenjorge@example.net,"Engineer, production",Ronald,Melton,SYN,Scholars Prep
581,phillipsluke@example.org,Public relations officer,Justin,Andrews,AE,Score At The Top
582,johnny60@example.org,Actor,Gavin,Hopkins,IN,Specifix Prep
583,nguyenalex@example.net,Database administrator,Donna,Ali,US,StudyPoint
584,schmidtrobert@example.com,Horticultural consultant,Martin,Shah,UK,Summit Educational Group
585,seansims@example.com,Chief Technology Officer,Wendy,Pierce,SA,TestMasters
586,hmontgomery@example.org,Adult nurse,Nicole,Garcia,AUS,The Princeton Review
587,robert19@example.com,IT technical support officer,Julie,Gilmore,PK,Top Test Prep
588,melissaskinner@example.com,"Engineer, land",Pamela,Davis,SL,Veritas Tutors
589,nlee@example.com,Commissioning editor,Kyle,Collins,MA,Victory Step Test Prep
590,tiffany84@example.org,Conference centre manager,Troy,Campbell,SYN,Wavelength Test Prep
591,anita71@example.net,Jewellery designer,Karen,Reed,AE,Academic Advantage
592,spearsmary@example.org,Pathologist,Heather,Nguyen,IN,Advantage Testing
593,jacqueline91@example.org,Primary school teacher,Amanda,Ward,US,BenchPrep
594,stephendavis@example.com,Clinical cytogeneticist,Charlene,Hunt,UK,Boston College Test Prep
595,joshuamullins@example.org,"Clinical scientist, histocompatibility and immunogenetics",Jonathan,Scott,SA,Chyten Premier Tutors
596,ericbates@example.com,TEFL teacher,Michael,Ibarra,AUS,Club Z!
597,waltersbrenda@example.com,Mining engineer,Melissa,Chandler,PK,Frog Tutoring
598,jennifer53@example.org,Land/geomatics surveyor,Phillip,Lawrence,SL,Gables Tutoring And Test Prep
599,ortizcarlos@example.org,Armed forces technical officer,Teresa,Allen,MA,"General Academic, Inc."
600,natalie17@example.net,Site engineer,Christine,Harrison,SYN,Gold Star Tutors
601,sheila28@example.com,"Engineer, structural",Jeffrey,Moon,AE,Gold Test Prep
602,jhernandez@example.com,Consulting civil engineer,Alexander,Robinson,IN,Guru Tutoring
603,kelly54@example.org,Chief Executive Officer,Keith,Keller,US,Huntington Learning Center
604,klee@example.net,"Scientist, research (medical)",Mark,Walker,UK,Ivy Global
605,garypalmer@example.com,Automotive engineer,Stacy,Hammond,SA,Kaplan Test Prep
606,adrian22@example.net,Sports administrator,Kimberly,Serrano,AUS,Kweller Prep
607,peter07@example.net,Paramedic,Cheryl,Reynolds,PK,Manhattan Elite Prep
608,charlesjefferson@example.org,Dispensing optician,Caitlin,Cuevas,SL,Miami Learning Center
609,denisegonzalez@example.org,"Teacher, music",Andrea,Rogers,MA,Parliament Tutors
610,brendan06@example.com,"Civil engineer, contracting",Timothy,Figueroa,SYN,Pinncale Prep
611,david20@example.com,Adult guidance worker,Karen,Morton,AE,Powerscore New York
612,robinsonjill@example.org,Clothing/textile technologist,Vanessa,Richards,IN,Prepped & Polished
613,shenry@example.com,Control and instrumentation engineer,Victoria,Whitehead,US,Primescore
614,mcgrathdakota@example.org,Merchant navy officer,John,Harris,UK,Private Prep
615,debra23@example.org,Site engineer,Donna,Valentine,SA,Scholars Prep
616,timothy44@example.com,Politician's assistant,Morgan,West,AUS,Score At The Top
617,randywilliams@example.net,"Designer, blown glass/stained glass",Lisa,Bishop,PK,Specifix Prep
618,vlewis@example.org,Land,Amanda,Thomas,SL,StudyPoint
619,stephaniecummings@example.org,Administrator,Benjamin,Parker,MA,Summit Educational Group
620,vwashington@example.com,"Psychologist, occupational",Brittany,Miller,SYN,TestMasters
621,derrickgomez@example.org,Associate Professor,Jesse,Hoffman,AE,The Princeton Review
622,deborah98@example.com,"Accountant, chartered public finance",Drew,Higgins,IN,Top Test Prep
623,patricia52@example.com,"Scientist, research (physical sciences)",Richard,Moran,US,Veritas Tutors
624,mgardner@example.org,Museum education officer,Gabriella,Barrett,UK,Victory Step Test Prep
625,nbrown@example.com,Firefighter,John,Huffman,SA,Wavelength Test Prep
626,vlang@example.net,Community arts worker,Mary,Garcia,AUS,Academic Advantage
627,charles19@example.net,"Surveyor, mining",Melissa,Brown,PK,Advantage Testing
628,tbell@example.com,Scientific laboratory technician,Jerry,Cardenas,SL,BenchPrep
629,hboyle@example.com,Garment/textile technologist,Anne,Harris,MA,Boston College Test Prep
630,cabreratina@example.com,"Engineer, materials",Jessica,Lyons,SYN,Chyten Premier Tutors
631,agraham@example.org,Environmental education officer,Christopher,Morgan,AE,Club Z!
632,lisareyes@example.com,Housing manager/officer,Sandra,Parsons,IN,Frog Tutoring
633,danielbrown@example.net,Environmental education officer,Mary,Medina,US,Gables Tutoring And Test Prep
634,brenda90@example.net,Barrister,Gina,Morales,UK,"General Academic, Inc."
635,nancypatrick@example.net,Television/film/video producer,Amanda,Stanley,SA,Gold Star Tutors
636,david47@example.org,Learning mentor,Amy,Collins,AUS,Gold Test Prep
637,abest@example.net,Professor Emeritus,Henry,Edwards,PK,Guru Tutoring
638,zpena@example.net,Broadcast presenter,Anthony,Parks,SL,Huntington Learning Center
639,espinozaelizabeth@example.com,"Accountant, chartered public finance",Brooke,Howard,MA,Ivy Global
640,jsanchez@example.net,Minerals surveyor,Jennifer,Ortiz,SYN,Kaplan Test Prep
641,anna39@example.net,Horticultural consultant,Steven,Gomez,AE,Kweller Prep
642,pellis@example.org,"Sales professional, IT",Ricardo,Washington,IN,Manhattan Elite Prep
643,michelleatkins@example.org,Conference centre manager,Christina,Johnson,US,Miami Learning Center
644,angelicajones@example.net,Patent examiner,Mark,Jones,UK,Parliament Tutors
645,matthew36@example.net,"Radiographer, diagnostic",Marie,Lewis,SA,Pinncale Prep
646,vmoore@example.com,Marketing executive,Aaron,Moore,AUS,Powerscore New York
647,karen93@example.net,Health and safety inspector,Jessica,Kelly,PK,Prepped & Polished
648,bvillanueva@example.org,Fisheries officer,Alex,Townsend,SL,Primescore
649,eprice@example.net,"Biochemist, clinical",Jacob,Norton,MA,Private Prep
650,julia33@example.com,"Lighting technician, broadcasting/film/video",Harold,English,SYN,Scholars Prep
651,weberelizabeth@example.net,Chartered loss adjuster,Derrick,Meadows,AE,Score At The Top
652,bstephens@example.org,Ceramics designer,Kayla,Washington,IN,Specifix Prep
653,deanna20@example.com,"Engineer, aeronautical",Kristin,Johnson,US,StudyPoint
654,dennismorgan@example.com,Patent examiner,Kimberly,Webb,UK,Summit Educational Group
655,uwiley@example.net,Art therapist,Dustin,Bauer,SA,TestMasters
656,oashley@example.net,Interpreter,James,Palmer,AUS,The Princeton Review
657,laurawilliams@example.org,"Research officer, political party",Jeremy,Harrell,PK,Top Test Prep
658,johnortiz@example.net,Building services engineer,Jessica,Sosa,SL,Veritas Tutors
659,baileyjennifer@example.net,Risk analyst,Collin,Allen,MA,Victory Step Test Prep
660,mccanncharlotte@example.net,"Engineer, maintenance",Barbara,Alvarez,SYN,Wavelength Test Prep
661,ericksonmichael@example.org,Insurance claims handler,Gregory,Obrien,AE,Academic Advantage
662,williammorgan@example.net,Lawyer,Joseph,Campbell,IN,Advantage Testing
663,christopher28@example.net,"Pharmacist, hospital",Jennifer,Parker,US,BenchPrep
664,vsmith@example.net,Mudlogger,Kevin,Clark,UK,Boston College Test Prep
665,marissa48@example.net,"Education officer, environmental",Rebecca,Oconnor,SA,Chyten Premier Tutors
666,rodrigueztammy@example.net,Insurance claims handler,Sherry,Nash,AUS,Club Z!
667,geoffrey12@example.net,Private music teacher,Robin,Ayers,PK,Frog Tutoring
668,susan01@example.net,"Horticulturist, amenity",Jenna,Wilson,SL,Gables Tutoring And Test Prep
669,ymatthews@example.org,"Engineer, mining",Michael,Peterson,MA,"General Academic, Inc."
670,huntercolleen@example.org,Advertising account planner,Michael,Johnson,SYN,Gold Star Tutors
671,susan72@example.com,Garment/textile technologist,Jeffrey,Ellis,AE,Gold Test Prep
672,henrytravis@example.org,Actor,Martha,Miller,IN,Guru Tutoring
673,moralesbruce@example.org,Politician's assistant,Matthew,Davis,US,Huntington Learning Center
674,contrerasandrew@example.org,Fitness centre manager,Mark,Miller,UK,Ivy Global
675,elizabeth66@example.com,Minerals surveyor,Christina,Smith,SA,Kaplan Test Prep
676,cmoody@example.net,Advertising account planner,Jose,Mason,AUS,Kweller Prep
677,hector85@example.org,"Producer, television/film/video",Jacqueline,Wagner,PK,Manhattan Elite Prep
678,bbaldwin@example.org,Broadcast engineer,Jessica,Barton,SL,Miami Learning Center
679,warrendorothy@example.net,"Research officer, trade union",Timothy,Simon,MA,Parliament Tutors
680,rodriguezjeffrey@example.net,Metallurgist,Gary,Hansen,SYN,Pinncale Prep
681,freddean@example.net,Systems developer,Patricia,Johnson,AE,Powerscore New York
682,adamsjeffrey@example.net,Manufacturing systems engineer,Devin,Johnson,IN,Prepped & Polished
683,danaedwards@example.net,Hotel manager,James,Scott,US,Primescore
684,craiganthony@example.com,"Scientist, research (physical sciences)",Elizabeth,Strickland,UK,Private Prep
685,amoody@example.org,Personal assistant,Michael,King,SA,Scholars Prep
686,jennifer16@example.org,Air cabin crew,Michele,Graham,AUS,Score At The Top
687,joshuareed@example.net,Ergonomist,Daniel,Martin,PK,Specifix Prep
688,hrichardson@example.net,Arts administrator,John,Clarke,SL,StudyPoint
689,djackson@example.com,Medical secretary,Mary,Hicks,MA,Summit Educational Group
690,bsmith@example.org,Insurance underwriter,Eric,Gonzalez,SYN,TestMasters
691,amanda44@example.org,"Teacher, English as a foreign language",Jeffrey,Jackson,AE,The Princeton Review
692,daviswilliam@example.org,"Engineer, land",George,Little,IN,Top Test Prep
693,larry97@example.com,Pension scheme manager,Alexander,Martinez,US,Veritas Tutors
694,michael88@example.com,"Designer, textile",Matthew,Washington,UK,Victory Step Test Prep
695,kristin62@example.org,Trade union research officer,Whitney,Martinez,SA,Wavelength Test Prep
696,suttonheather@example.org,"Clinical scientist, histocompatibility and immunogenetics",Kayla,Sullivan,AUS,Academic Advantage
697,xgarza@example.net,Toxicologist,Randy,Pierce,PK,Advantage Testing
698,jacksondiana@example.net,"Surveyor, mining",Karina,Martinez,SL,BenchPrep
699,uscott@example.com,"Nurse, children's",Karen,Kline,MA,Boston College Test Prep
700,rkennedy@example.org,Risk analyst,John,Roman,SYN,Chyten Premier Tutors
701,elizabethhess@example.com,Clinical cytogeneticist,Andrea,Young,AE,Club Z!
702,jennifer31@example.com,Astronomer,Andrew,Herrera,IN,Frog Tutoring
703,jessicawhite@example.com,Mudlogger,Keith,Vargas,US,Gables Tutoring And Test Prep
704,adamskaren@example.com,Broadcast engineer,Kenneth,Nelson,UK,"General Academic, Inc."
705,charles11@example.com,Occupational psychologist,Sheri,Arroyo,SA,Gold Star Tutors
706,mbarrett@example.net,Barrister,Sharon,Bailey,AUS,Gold Test Prep
707,ppadilla@example.net,Tour manager,Daniel,Schwartz,PK,Guru Tutoring
708,reeveskim@example.org,Catering manager,Lindsey,Brock,SL,Huntington Learning Center
709,natalie89@example.net,Volunteer coordinator,Jeffrey,Lewis,MA,Ivy Global
710,egreene@example.org,Tour manager,Lynn,Tran,SYN,Kaplan Test Prep
711,qlopez@example.net,Health and safety adviser,Pamela,Carr,AE,Kweller Prep
712,david59@example.net,Race relations officer,Timothy,Johnson,IN,Manhattan Elite Prep
713,laura90@example.org,Financial adviser,Christina,Perkins,US,Miami Learning Center
714,brandon62@example.net,Microbiologist,Benjamin,Fitzgerald,UK,Parliament Tutors
715,elizabethsharp@example.com,"Teacher, special educational needs",Brent,Lucas,SA,Pinncale Prep
716,kprince@example.net,Adult guidance worker,Matthew,Murphy,AUS,Powerscore New York
717,thomas60@example.org,Clinical biochemist,Adam,Clark,PK,Prepped & Polished
718,joseclayton@example.com,Physiotherapist,Victor,Cooper,SL,Primescore
719,betty67@example.org,Exercise physiologist,Teresa,Lindsey,MA,Private Prep
720,baileybrittany@example.net,Risk manager,Lance,Jones,SYN,Scholars Prep
721,grahamcarol@example.net,Dealer,Veronica,Washington,AE,Score At The Top
722,jenniferwest@example.com,"Conservation officer, nature",William,Daniels,IN,Specifix Prep
723,michelleluna@example.net,Operational researcher,Robin,Nichols,US,StudyPoint
724,thomasbrown@example.net,Estate manager/land agent,Ashley,Taylor,UK,Summit Educational Group
725,jasminerodriguez@example.com,"Editor, commissioning",Justin,Ramirez,SA,TestMasters
726,alyssa60@example.net,IT sales professional,Meghan,Riley,AUS,The Princeton Review
727,kmartin@example.net,Software engineer,Charles,Mcdonald,PK,Top Test Prep
728,nataliehull@example.com,Air cabin crew,Robert,James,SL,Veritas Tutors
729,millerlisa@example.net,Manufacturing systems engineer,Jeremy,Jenkins,MA,Victory Step Test Prep
730,martintodd@example.org,Camera operator,Robert,Patterson,SYN,Wavelength Test Prep
731,sallyjohnson@example.com,Charity fundraiser,Amanda,Snyder,AE,Academic Advantage
732,jenniferperez@example.org,Interior and spatial designer,Joshua,Aguilar,IN,Advantage Testing
733,timothy86@example.net,Translator,Alan,Pierce,US,BenchPrep
734,gregorymadden@example.org,Health and safety adviser,Sheri,Jones,UK,Boston College Test Prep
735,hernandezrobert@example.com,Product/process development scientist,Kathleen,Jones,SA,Chyten Premier Tutors
736,jbrown@example.net,Therapeutic radiographer,Cynthia,Martinez,AUS,Club Z!
737,mtucker@example.net,"Teacher, primary school",Robert,Hayes,PK,Frog Tutoring
738,awilson@example.com,Tourism officer,Ryan,Grant,SL,Gables Tutoring And Test Prep
739,boydmary@example.com,"Geologist, engineering",Laura,Harris,MA,"General Academic, Inc."
740,dawn50@example.com,Restaurant manager,Aaron,Schneider,SYN,Gold Star Tutors
741,williamsheidi@example.net,Meteorologist,Amy,Brown,AE,Gold Test Prep
742,parmstrong@example.net,"Exhibitions officer, museum/gallery",Heather,Guerrero,IN,Guru Tutoring
743,xavery@example.org,"Engineer, site",Edwin,Bray,US,Huntington Learning Center
744,angela67@example.com,Physiological scientist,Joseph,Vincent,UK,Ivy Global
745,rcordova@example.org,"Radiographer, therapeutic",Alexis,Lee,SA,Kaplan Test Prep
746,oweber@example.com,English as a foreign language teacher,Troy,Newton,AUS,Kweller Prep
747,thompsonjamie@example.org,Banker,Stanley,Rivera,PK,Manhattan Elite Prep
748,michelle42@example.org,Cytogeneticist,Bradley,Thompson,SL,Miami Learning Center
749,dturner@example.net,Academic librarian,Jamie,Pearson,MA,Parliament Tutors
750,lmoreno@example.org,Animator,Charles,Weeks,SYN,Pinncale Prep
751,jerrydavid@example.com,Barrister,Ronald,Wright,AE,Powerscore New York
752,montoyagregory@example.com,Race relations officer,Elizabeth,Pacheco,IN,Prepped & Polished
753,huntkevin@example.net,Financial adviser,Gabriella,Booth,US,Primescore
754,emiller@example.org,"Engineer, maintenance",Michael,Lewis,UK,Private Prep
755,savila@example.net,Health and safety adviser,Samuel,Ford,SA,Scholars Prep
756,gordonamy@example.com,"Clinical scientist, histocompatibility and immunogenetics",Jacqueline,Warner,AUS,Score At The Top
757,kelly31@example.net,"Engineer, electrical",Patrick,Holmes,PK,Specifix Prep
758,bryanmartinez@example.net,Insurance broker,John,King,SL,StudyPoint
759,hudsonkylie@example.com,Information officer,Michelle,Cooper,MA,Summit Educational Group
760,ramosmelanie@example.com,Geoscientist,Eric,Tanner,SYN,TestMasters
761,maynardjohnathan@example.org,Translator,Christopher,Golden,AE,The Princeton Review
762,kristine56@example.com,Medical secretary,Ashley,Martinez,IN,Top Test Prep
763,jonathan65@example.com,Nature conservation officer,Patricia,Turner,US,Veritas Tutors
764,scott41@example.com,Film/video editor,Kathryn,Quinn,UK,Victory Step Test Prep
765,annespencer@example.com,Community education officer,Jamie,Christian,SA,Wavelength Test Prep
766,christina15@example.net,Acupuncturist,David,Rice,AUS,Academic Advantage
767,connie96@example.net,Materials engineer,Matthew,Knapp,PK,Advantage Testing
768,cookcheryl@example.net,Curator,Thomas,Wolf,SL,BenchPrep
769,crossbarbara@example.net,Armed forces technical officer,Jeffrey,Manning,MA,Boston College Test Prep
770,john32@example.com,Personal assistant,Lindsay,Juarez,SYN,Chyten Premier Tutors
771,nicoleadams@example.net,"Education officer, environmental",Amy,Gutierrez,AE,Club Z!
772,vgeorge@example.org,Games developer,Jeffrey,Cook,IN,Frog Tutoring
773,ann55@example.org,Building surveyor,Mark,Hill,US,Gables Tutoring And Test Prep
774,ashleycollier@example.com,International aid/development worker,Rebecca,Hunt,UK,"General Academic, Inc."
775,sharon56@example.com,"Engineer, petroleum",Alexandra,Jackson,SA,Gold Star Tutors
776,wterry@example.org,"Buyer, industrial",Anthony,Le,AUS,Gold Test Prep
777,shawn79@example.net,Paramedic,Chelsea,Miller,PK,Guru Tutoring
778,eugenerichards@example.net,"Research officer, government",Steven,Reed,SL,Huntington Learning Center
779,seanpatel@example.net,"Research officer, trade union",Ernest,Gordon,MA,Ivy Global
780,erik52@example.com,Records manager,Mary,Diaz,SYN,Kaplan Test Prep
781,michael69@example.org,Research scientist (physical sciences),Eric,James,AE,Kweller Prep
782,sara44@example.com,Financial trader,Felicia,Powers,IN,Manhattan Elite Prep
783,cmiller@example.net,Equality and diversity officer,Francisco,Smith,US,Miami Learning Center
784,sboone@example.org,Forensic scientist,Desiree,Ross,UK,Parliament Tutors
785,bpayne@example.net,"Teacher, secondary school",Jenna,Moss,SA,Pinncale Prep
786,wgaines@example.com,Telecommunications researcher,Jessica,Goodman,AUS,Powerscore New York
787,johnrichard@example.org,"Therapist, horticultural",David,Logan,PK,Prepped & Polished
788,heatherfuller@example.com,Information systems manager,Cindy,Bailey,SL,Primescore
789,dale01@example.net,Air cabin crew,Rachel,Hunter,MA,Private Prep
790,ddiaz@example.net,"Scientist, marine",Amber,Marshall,SYN,Scholars Prep
791,thernandez@example.net,"Pharmacist, hospital",Matthew,Anderson,AE,Score At The Top
792,ksherman@example.net,"Administrator, arts",Autumn,Byrd,IN,Specifix Prep
793,joan48@example.com,"Doctor, general practice",Amanda,Acosta,US,StudyPoint
794,leemorgan@example.net,"Research officer, political party",John,Martinez,UK,Summit Educational Group
795,mcguiregina@example.com,"Lighting technician, broadcasting/film/video",Sherri,Anderson,SA,TestMasters
796,sextonlori@example.net,"Psychologist, forensic",Mark,Walton,AUS,The Princeton Review
797,james39@example.com,Regulatory affairs officer,Pamela,Hawkins,PK,Top Test Prep
798,suttontodd@example.com,"Accountant, chartered public finance",Riley,Harris,SL,Veritas Tutors
799,pattersonjames@example.net,Immigration officer,Peter,James,MA,Victory Step Test Prep
800,rwatkins@example.org,Science writer,Michael,Simmons,SYN,Wavelength Test Prep
801,jennifer95@example.com,"Horticulturist, commercial",Bryan,Phelps,AE,Academic Advantage
802,bradleyamy@example.net,Environmental health practitioner,Daniel,Brown,IN,Advantage Testing
803,janet75@example.com,"Surveyor, mining",Patricia,Keller,US,BenchPrep
804,spencerjoseph@example.org,Ambulance person,Jermaine,Wilson,UK,Boston College Test Prep
805,fgolden@example.net,Gaffer,Russell,Snyder,SA,Chyten Premier Tutors
806,georgeowens@example.org,Clinical cytogeneticist,Lisa,Gardner,AUS,Club Z!
807,nicolebryant@example.com,Advertising account planner,Jeffrey,Smith,PK,Frog Tutoring
808,jmcdonald@example.com,Corporate investment banker,Cole,Hunt,SL,Gables Tutoring And Test Prep
809,julieroy@example.org,"Scientist, research (medical)",Andrea,Smith,MA,"General Academic, Inc."
810,duranpaula@example.net,Chief Financial Officer,Jennifer,King,SYN,Gold Star Tutors
811,joan89@example.net,Structural engineer,Jenna,Ramirez,AE,Gold Test Prep
812,paul97@example.net,Air broker,Ann,Atkins,IN,Guru Tutoring
813,pburnett@example.net,Video editor,Isaiah,Vargas,US,Huntington Learning Center
814,joshua91@example.com,Prison officer,Gregory,Franco,UK,Ivy Global
815,schneiderjustin@example.org,Information systems manager,Ralph,Smith,SA,Kaplan Test Prep
816,longjason@example.net,Outdoor activities/education manager,Wesley,Harris,AUS,Kweller Prep
817,scottcrystal@example.com,Retail buyer,James,Wise,PK,Manhattan Elite Prep
818,justin28@example.net,"Conservator, museum/gallery",Michelle,Neal,SL,Miami Learning Center
819,rachael60@example.org,Financial adviser,Rhonda,Huffman,MA,Parliament Tutors
820,lindsey11@example.org,Armed forces operational officer,Linda,Greene,SYN,Pinncale Prep
821,bgrant@example.org,"Designer, industrial/product",James,Roberts,AE,Powerscore New York
822,jamescruz@example.org,Television/film/video producer,Robert,Martin,IN,Prepped & Polished
823,coreywalters@example.net,Rural practice surveyor,Tamara,Green,US,Primescore
824,gutierrezandrea@example.com,Seismic interpreter,James,Nelson,UK,Private Prep
825,xmitchell@example.net,"Designer, furniture",Wayne,Shelton,SA,Scholars Prep
826,michellemorales@example.org,Probation officer,Nicholas,Wilson,AUS,Score At The Top
827,ifrederick@example.com,Agricultural consultant,Erica,Greene,PK,Specifix Prep
828,mayorobert@example.com,Ambulance person,Miguel,Tucker,SL,StudyPoint
829,valdezcody@example.org,Communications engineer,Robert,Anderson,MA,Summit Educational Group
830,webbtodd@example.com,Chartered management accountant,Clayton,Fisher,SYN,TestMasters
831,jamesrodriguez@example.org,Lobbyist,Laura,Wilson,AE,The Princeton Review
832,holly83@example.com,Barrister's clerk,Michael,Ayala,IN,Top Test Prep
833,larry82@example.org,"Scientist, research (maths)",Roger,Madden,US,Veritas Tutors
834,ricardoramos@example.com,"Nurse, mental health",Michael,Rosales,UK,Victory Step Test Prep
835,nbell@example.net,Information officer,Randy,Hudson,SA,Wavelength Test Prep
836,ramostiffany@example.com,"Surveyor, commercial/residential",Jill,Walker,AUS,Academic Advantage
837,jayhardy@example.org,Musician,Lawrence,Fisher,PK,Advantage Testing
838,rebeccaanderson@example.net,Clothing/textile technologist,Cory,Gray,SL,BenchPrep
839,tchaney@example.org,Curator,Katherine,Bailey,MA,Boston College Test Prep
840,perezdawn@example.net,Community arts worker,Karen,Pham,SYN,Chyten Premier Tutors
841,jenniferaguilar@example.net,Counselling psychologist,Anthony,Silva,AE,Club Z!
842,cruzolivia@example.com,Fisheries officer,Tammy,Washington,IN,Frog Tutoring
843,darius36@example.net,Public house manager,Gregory,Santos,US,Gables Tutoring And Test Prep
844,uluna@example.com,Customer service manager,Shawn,Navarro,UK,"General Academic, Inc."
845,tiffany68@example.org,Veterinary surgeon,Erin,James,SA,Gold Star Tutors
846,clarketammy@example.net,Acupuncturist,Justin,Marquez,AUS,Gold Test Prep
847,owensethan@example.org,Electronics engineer,Michael,Parks,PK,Guru Tutoring
848,dawsonadam@example.org,Exercise physiologist,Amanda,Davidson,SL,Huntington Learning Center
849,jose40@example.org,Futures trader,Tracey,Gonzalez,MA,Ivy Global
850,tscott@example.net,"Engineer, production",Matthew,Rush,SYN,Kaplan Test Prep
851,bgordon@example.net,Illustrator,Amber,Bond,AE,Kweller Prep
852,catherinediaz@example.org,Psychotherapist,Phillip,Vaughn,IN,Manhattan Elite Prep
853,lewismegan@example.org,Chief Executive Officer,Jessica,Morse,US,Miami Learning Center
854,timothy46@example.org,Dispensing optician,Susan,Thomas,UK,Parliament Tutors
855,ynewman@example.com,Plant breeder/geneticist,Jessica,Mercado,SA,Pinncale Prep
856,harperkathy@example.net,"Engineer, civil (contracting)",Toni,Andrews,AUS,Powerscore New York
857,lbrandt@example.net,General practice doctor,Nathan,Kim,PK,Prepped & Polished
858,estradahannah@example.net,Set designer,Steven,Best,SL,Primescore
859,hendersonkyle@example.org,"Engineer, maintenance",Jennifer,Shaw,MA,Private Prep
860,qhernandez@example.net,"Scientist, biomedical",Lucas,Baker,SYN,Scholars Prep
861,kimberly33@example.org,"Embryologist, clinical",Kenneth,Harris,AE,Score At The Top
862,tsilva@example.net,Clinical molecular geneticist,Erik,Potts,IN,Specifix Prep
863,pruiz@example.com,Network engineer,Anthony,Blake,US,StudyPoint
864,emiranda@example.net,Race relations officer,Roy,Hayden,UK,Summit Educational Group
865,karenbean@example.net,Technical author,Katherine,Odonnell,SA,TestMasters
866,jamesharrison@example.com,Advertising account planner,Matthew,Rodriguez,AUS,The Princeton Review
867,njones@example.net,Customer service manager,Charles,Taylor,PK,Top Test Prep
868,gillespieashley@example.com,Structural engineer,Shawn,Dougherty,SL,Veritas Tutors
869,hodgesmatthew@example.org,Environmental manager,Kathy,Greer,MA,Victory Step Test Prep
870,ryan91@example.org,"Librarian, academic",Matthew,Nguyen,SYN,Wavelength Test Prep
871,becky17@example.org,Analytical chemist,Christian,Gates,AE,Academic Advantage
872,sarah09@example.com,Fashion designer,David,Perez,IN,Advantage Testing
873,leeshannon@example.net,TEFL teacher,Kathy,Johnson,US,BenchPrep
874,rhonda92@example.net,"Designer, jewellery",Megan,Stewart,UK,Boston College Test Prep
875,donald24@example.org,Architectural technologist,James,Savage,SA,Chyten Premier Tutors
876,joseph10@example.net,Theatre stage manager,Denise,Brown,AUS,Club Z!
877,jessicamccall@example.org,Music therapist,Jane,Roman,PK,Frog Tutoring
878,hughesjames@example.com,Housing manager/officer,David,Scott,SL,Gables Tutoring And Test Prep
879,bishopjoan@example.net,Podiatrist,Shannon,Walker,MA,"General Academic, Inc."
880,steven39@example.net,Technical author,Thomas,Fuentes,SYN,Gold Star Tutors
881,leekimberly@example.org,Paramedic,Jessica,Williams,AE,Gold Test Prep
882,anthony60@example.net,Geochemist,Lucas,Jones,IN,Guru Tutoring
883,dustin60@example.org,Health physicist,Anthony,Escobar,US,Huntington Learning Center
884,ajames@example.net,Fashion designer,Stephanie,Jensen,UK,Ivy Global
885,sbaker@example.com,Audiological scientist,Thomas,Phelps,SA,Kaplan Test Prep
886,lewisalexander@example.org,"Restaurant manager, fast food",Lori,Davis,AUS,Kweller Prep
887,shannon50@example.org,"Production assistant, television",Kathryn,Paul,PK,Manhattan Elite Prep
888,alisabrina@example.org,Communications engineer,Elizabeth,Rice,SL,Miami Learning Center
889,npatterson@example.net,Interpreter,Amber,Burke,MA,Parliament Tutors
890,aturner@example.org,"Engineer, civil (consulting)",Ian,Mcbride,SYN,Pinncale Prep
891,staceyreyes@example.com,Customer service manager,David,Baker,AE,Powerscore New York
892,martinapril@example.org,Horticultural therapist,Kenneth,Harper,IN,Prepped & Polished
893,teresathompson@example.com,Leisure centre manager,Larry,Browning,US,Primescore
894,valencialuis@example.org,"Education officer, environmental",Joseph,Brewer,UK,Private Prep
895,xbautista@example.org,Petroleum engineer,Edward,Smith,SA,Scholars Prep
896,allisonking@example.com,Magazine features editor,Benjamin,Donaldson,AUS,Score At The Top
897,jonesnicole@example.net,Health physicist,Robert,Marquez,PK,Specifix Prep
898,crystalkelly@example.org,Horticultural consultant,Rodney,Rodriguez,SL,StudyPoint
899,austinwalker@example.org,"Librarian, public",Theresa,Smith,MA,Summit Educational Group
900,waynecunningham@example.net,Curator,James,Buchanan,SYN,TestMasters
901,dennisguzman@example.org,"Education officer, environmental",Emily,Carroll,AE,The Princeton Review
902,walterszachary@example.com,Legal secretary,Robert,Goodwin,IN,Top Test Prep
903,woodwardsarah@example.org,Clinical biochemist,Jennifer,Jones,US,Veritas Tutors
904,jacobjones@example.net,Food technologist,Paul,Martinez,UK,Victory Step Test Prep
905,ediaz@example.com,Architect,Bruce,Hill,SA,Wavelength Test Prep
906,ishaffer@example.net,Sports coach,Brittany,Cisneros,AUS,Academic Advantage
907,kcampbell@example.org,Exercise physiologist,Edward,Dennis,PK,Advantage Testing
908,amanda76@example.org,Science writer,Dalton,Ruiz,SL,BenchPrep
909,ediaz@example.org,"Solicitor, Scotland",Amanda,Chambers,MA,Boston College Test Prep
910,tonyawhitehead@example.net,Contractor,Riley,Smith,SYN,Chyten Premier Tutors
911,jpatterson@example.net,Analytical chemist,Anne,Rivera,AE,Club Z!
912,matthew89@example.net,Race relations officer,Leslie,Beard,IN,Frog Tutoring
913,mary73@example.net,Optometrist,Lisa,Smith,US,Gables Tutoring And Test Prep
914,raymondlee@example.net,Accommodation manager,Curtis,Barron,UK,"General Academic, Inc."
915,darleneelliott@example.com,Geochemist,Larry,Young,SA,Gold Star Tutors
916,ccarter@example.org,Heritage manager,Shannon,Walker,AUS,Gold Test Prep
917,hbrown@example.com,"Scientist, forensic",Wendy,Wilson,PK,Guru Tutoring
918,dmyers@example.net,Magazine features editor,Brandi,Lowe,SL,Huntington Learning Center
919,beverly59@example.net,Building control surveyor,Philip,Thomas,MA,Ivy Global
920,ukelly@example.com,"Engineer, manufacturing",Brent,Martin,SYN,Kaplan Test Prep
921,graybenjamin@example.net,Consulting civil engineer,Heather,Gillespie,AE,Kweller Prep
922,howardsamantha@example.net,Automotive engineer,Lisa,Robinson,IN,Manhattan Elite Prep
923,cory41@example.net,Armed forces training and education officer,Steven,Garcia,US,Miami Learning Center
924,jessicaking@example.org,Musician,Donna,Hudson,UK,Parliament Tutors
925,thomasowens@example.com,"Nurse, adult",Tammie,Lynn,SA,Pinncale Prep
926,paul36@example.net,Systems analyst,Kyle,Robinson,AUS,Powerscore New York
927,deborah80@example.com,Gaffer,Melanie,Luna,PK,Prepped & Polished
928,paul80@example.org,Web designer,Richard,Schneider,SL,Primescore
929,brooketucker@example.com,Contractor,Jason,Coleman,MA,Private Prep
930,renee34@example.org,Writer,Michael,Henry,SYN,Scholars Prep
931,toni22@example.org,Arboriculturist,Jay,Gardner,AE,Score At The Top
932,wrussell@example.net,Optometrist,Jennifer,Combs,IN,Specifix Prep
933,michael69@example.com,Contractor,Sarah,Clark,US,StudyPoint
934,josephbrown@example.net,Fast food restaurant manager,Courtney,Foster,UK,Summit Educational Group
935,madisondiaz@example.net,Naval architect,Alice,Robles,SA,TestMasters
936,jennifer96@example.net,Geophysical data processor,Jo,Oneal,AUS,The Princeton Review
937,smithjudy@example.com,"Optician, dispensing",Michael,Stevens,PK,Top Test Prep
938,william85@example.com,"Administrator, local government",Amanda,Graham,SL,Veritas Tutors
939,murphymichelle@example.org,Comptroller,Michael,Page,MA,Victory Step Test Prep
940,agregory@example.com,Make,Bobby,Weber,SYN,Wavelength Test Prep
941,benjaminmarquez@example.com,Race relations officer,Charles,Nolan,AE,Academic Advantage
942,uferguson@example.org,Speech and language therapist,Jessica,Smith,IN,Advantage Testing
943,emilydunn@example.org,Public librarian,Debbie,Jennings,US,BenchPrep
944,jenniferhardin@example.org,"Lecturer, further education",Paul,Moreno,UK,Boston College Test Prep
945,jessica53@example.org,Radio broadcast assistant,Eric,Williams,SA,Chyten Premier Tutors
946,sarahrobertson@example.net,"Scientist, marine",Joseph,Lee,AUS,Club Z!
947,kelly08@example.net,"Scientist, audiological",Tiffany,Garrison,PK,Frog Tutoring
948,udixon@example.org,Public relations account executive,Kathryn,Johnson,SL,Gables Tutoring And Test Prep
949,sandrahaas@example.com,Meteorologist,Peter,Wright,MA,"General Academic, Inc."
950,heather86@example.org,"Therapist, drama",Cheyenne,Garcia,SYN,Gold Star Tutors
951,nancyjones@example.net,Musician,James,Boyle,AE,Gold Test Prep
952,homatthew@example.org,Community education officer,Nicole,Wall,IN,Guru Tutoring
953,tnelson@example.org,Dramatherapist,Sarah,Bond,US,Huntington Learning Center
954,becktyler@example.org,Fisheries officer,Christopher,Powell,UK,Ivy Global
955,jeffreywalsh@example.net,Graphic designer,Wesley,Howell,SA,Kaplan Test Prep
956,rebeccamorgan@example.net,Podiatrist,Elizabeth,Quinn,AUS,Kweller Prep
957,kwolfe@example.com,Medical sales representative,Aaron,Allison,PK,Manhattan Elite Prep
958,cheryl49@example.com,Retail manager,John,Park,SL,Miami Learning Center
959,teresa01@example.com,"Horticulturist, amenity",Nancy,Jenkins,MA,Parliament Tutors
960,cobblisa@example.org,"Designer, graphic",Andres,Nelson,SYN,Pinncale Prep
961,amyboyd@example.com,Horticultural consultant,Randall,Perry,AE,Powerscore New York
962,andersonjeanne@example.org,Special educational needs teacher,Stephanie,Thomas,IN,Prepped & Polished
963,david92@example.net,Commissioning editor,Brett,Murray,US,Primescore
964,gcooper@example.com,Fitness centre manager,Elizabeth,Schmidt,UK,Private Prep
965,lorimaxwell@example.net,Chief Marketing Officer,Tara,Shaffer,SA,Scholars Prep
966,ihubbard@example.com,"Pharmacist, community",Anthony,Wright,AUS,Score At The Top
967,kristen55@example.org,Public librarian,Holly,Jones,PK,Specifix Prep
968,csnyder@example.net,Hospital doctor,Joshua,Colon,SL,StudyPoint
969,ychaney@example.net,"Nurse, adult",Ana,Jenkins,MA,Summit Educational Group
970,susancowan@example.com,Retail merchandiser,Elizabeth,Aguirre,SYN,TestMasters
971,murrayjason@example.org,Midwife,Steven,Callahan,AE,The Princeton Review
972,kbonilla@example.net,Herbalist,Robert,Burns,IN,Top Test Prep
973,jonesmario@example.com,Sales executive,Lauren,Jenkins,US,Veritas Tutors
974,jonathan39@example.org,Community arts worker,Scott,Rogers,UK,Victory Step Test Prep
975,melissa52@example.net,"Engineer, technical sales",Karen,Mccarthy,SA,Wavelength Test Prep
976,qdunn@example.org,Tourism officer,William,Edwards,AUS,Academic Advantage
977,jerrywilliams@example.net,Medical illustrator,Bradley,Carroll,PK,Advantage Testing
978,qrodriguez@example.com,"Editor, magazine features",Jose,Walker,SL,BenchPrep
979,sirwin@example.net,Agricultural engineer,Dylan,Rodriguez,MA,Boston College Test Prep
980,martin23@example.com,Environmental consultant,Austin,Rogers,SYN,Chyten Premier Tutors
981,tinaowens@example.com,Theme park manager,Catherine,Martin,AE,Club Z!
982,tsmith@example.org,"Surveyor, minerals",Darrell,Henderson,IN,Frog Tutoring
983,luke38@example.org,"Therapist, nutritional",George,Mitchell,US,Gables Tutoring And Test Prep
984,sgordon@example.com,Health and safety adviser,Danielle,Gutierrez,UK,"General Academic, Inc."
985,rsawyer@example.com,"Scientist, physiological",Joseph,Ryan,SA,Gold Star Tutors
986,figueroakatelyn@example.org,"Engineer, maintenance",Alan,Adams,AUS,Gold Test Prep
987,gaillarson@example.org,"Clinical scientist, histocompatibility and immunogenetics",Jennifer,Grimes,PK,Guru Tutoring
988,vegapatricia@example.com,"Designer, graphic",Adam,Green,SL,Huntington Learning Center
989,alexander13@example.org,Insurance broker,Alicia,Moore,MA,Ivy Global
990,fturner@example.com,Technical author,Linda,Bennett,SYN,Kaplan Test Prep
991,psharp@example.org,Mining engineer,Sandra,Nielsen,AE,Kweller Prep
992,crystal49@example.com,Legal executive,Andrew,Bright,IN,Manhattan Elite Prep
993,harrisonjason@example.com,Company secretary,Jonathan,Lewis,US,Miami Learning Center
994,brownerika@example.org,Solicitor,Molly,Williams,UK,Parliament Tutors
995,vgoodwin@example.org,Games developer,Matthew,Cook,SA,Pinncale Prep
996,jbenitez@example.org,Chartered certified accountant,Christian,Sampson,AUS,Powerscore New York
997,jeremy38@example.net,Electronics engineer,Mercedes,Brown,PK,Prepped & Polished
998,antonio39@example.org,Hydrogeologist,Jacqueline,Dawson,SL,Primescore
999,xbrock@example.net,Herbalist,Allen,Hernandez,MA,Private Prep
1000,smithkimberly@example.net,"Designer, ceramics/pottery",Suzanne,Hopkins,SYN,Scholars Prep
1001,katherine83@example.net,Commercial art gallery manager,Christina,Ingram,AE,Score At The Top
1002,cedwards@example.net,Lexicographer,Caitlyn,Tran,IN,Specifix Prep
1003,david02@example.org,Passenger transport manager,Erin,Spencer,US,StudyPoint
1004,steventaylor@example.org,Applications developer,Stephanie,Escobar,UK,Summit Educational Group
1005,ashley68@example.net,Proofreader,Ronald,Edwards,SA,TestMasters
1006,hicksgregory@example.net,"Designer, industrial/product",Anthony,Turner,AUS,The Princeton Review
1007,russell57@example.com,Water quality scientist,Alexander,Jefferson,PK,Top Test Prep
1008,nbecker@example.org,"Radiographer, diagnostic",Carolyn,White,SL,Veritas Tutors
1009,sarahgarcia@example.org,Mental health nurse,Victoria,Diaz,MA,Victory Step Test Prep
1010,brian88@example.com,Theme park manager,Joyce,Leach,SYN,Wavelength Test Prep
1011,antoniomartin@example.net,Broadcast presenter,Kathleen,Lopez,AE,Academic Advantage
1012,ogarner@example.com,Landscape architect,Jessica,Wilson,IN,Advantage Testing
1013,ifrazier@example.net,Exercise physiologist,Corey,Callahan,US,BenchPrep
1014,ologan@example.com,Counsellor,Michael,Jacobs,UK,Boston College Test Prep
1015,leeadam@example.com,Financial manager,Alexander,Richardson,SA,Chyten Premier Tutors
1016,jessica75@example.net,"Designer, exhibition/display",Douglas,Lewis,AUS,Club Z!
1017,amanning@example.org,Microbiologist,Ashley,Blackwell,PK,Frog Tutoring
1018,morgankyle@example.org,General practice doctor,Lindsay,Simpson,SL,Gables Tutoring And Test Prep
1019,monica04@example.com,"Psychotherapist, child",Devin,Jones,MA,"General Academic, Inc."
1020,jeffrey33@example.org,"Engineer, automotive",Amanda,Miller,SYN,Gold Star Tutors
1021,travislane@example.com,Trading standards officer,Matthew,Vega,AE,Gold Test Prep
1022,davidnichols@example.org,"Editor, commissioning",Nathan,Harper,IN,Guru Tutoring
1023,alexandra10@example.org,Exercise physiologist,Lisa,Benitez,US,Huntington Learning Center
1024,teresasmith@example.org,Television camera operator,Keith,Turner,UK,Ivy Global
1025,harrisjacob@example.com,Seismic interpreter,Mitchell,Garza,SA,Kaplan Test Prep
1026,graceirwin@example.com,Commercial/residential surveyor,Nicole,Alvarado,AUS,Kweller Prep
1027,courtney55@example.com,"Merchandiser, retail",James,Cline,PK,Manhattan Elite Prep
1028,gregory71@example.org,Chartered loss adjuster,Tiffany,Jordan,SL,Miami Learning Center
1029,jamesstanton@example.com,Petroleum engineer,Joseph,Sanchez,MA,Parliament Tutors
1030,ramireznicole@example.org,Intelligence analyst,Mary,Johnson,SYN,Pinncale Prep
1031,johntrevino@example.net,Chartered management accountant,Joseph,Thompson,AE,Powerscore New York
1032,ponceteresa@example.com,"Pilot, airline",Evelyn,Spencer,IN,Prepped & Polished
1033,amanda97@example.com,"Psychotherapist, dance movement",Michelle,Russo,US,Primescore
1034,wbell@example.net,"Restaurant manager, fast food",Madeline,Dixon,UK,Private Prep
1035,stephanie13@example.com,Regulatory affairs officer,James,Smith,SA,Scholars Prep
1036,savageemma@example.net,"Surveyor, insurance",Jeffery,Salinas,AUS,Score At The Top
1037,bjennings@example.net,"Therapist, speech and language",Justin,Peterson,PK,Specifix Prep
1038,christopher23@example.com,Energy manager,James,Gonzalez,SL,StudyPoint
1039,martinkaylee@example.com,Economist,Sherry,Dalton,MA,Summit Educational Group
1040,sandra27@example.com,Passenger transport manager,Edward,Fisher,SYN,TestMasters
1041,juliastevens@example.com,Advertising art director,Brent,Adkins,AE,The Princeton Review
1042,brownwilliam@example.net,"Designer, blown glass/stained glass",Shelly,Mueller,IN,Top Test Prep
1043,dburke@example.com,"Scientist, physiological",Stacy,Roberts,US,Veritas Tutors
1044,gabriellegonzales@example.net,Museum/gallery curator,Jennifer,Parks,UK,Victory Step Test Prep
1045,josephrussell@example.net,"Teacher, music",Kenneth,Rodriguez,SA,Wavelength Test Prep
1046,maria70@example.org,Equities trader,John,Cox,AUS,Academic Advantage
1047,bradleyhowell@example.org,Banker,Billy,Anderson,PK,Advantage Testing
1048,qjohnson@example.org,"Engineer, manufacturing",Matthew,Williams,SL,BenchPrep
1049,cfernandez@example.net,Camera operator,Alexander,Miller,MA,Boston College Test Prep
1050,wallaceanna@example.org,Immigration officer,Emily,Oneill,SYN,Chyten Premier Tutors
1051,howardsamantha@example.com,Pensions consultant,Brianna,Rose,AE,Club Z!
1052,taylorsara@example.com,Fisheries officer,Megan,Walker,IN,Frog Tutoring
1053,thompsonashley@example.com,Financial risk analyst,Christopher,Gillespie,US,Gables Tutoring And Test Prep
1054,xmann@example.org,"Journalist, newspaper",Monica,Davila,UK,"General Academic, Inc."
1055,amberholmes@example.net,"Surveyor, rural practice",Evan,Santos,SA,Gold Star Tutors
1056,rhonda88@example.com,Fine artist,Chad,Owens,AUS,Gold Test Prep
1057,claytonmichael@example.org,Counselling psychologist,Colton,Bennett,PK,Guru Tutoring
1058,raykevin@example.net,IT sales professional,Adam,Morris,SL,Huntington Learning Center
1059,brent54@example.net,Osteopath,Brendan,Rocha,MA,Ivy Global
1060,mpalmer@example.com,"Investment banker, corporate",Robin,Park,SYN,Kaplan Test Prep
1061,darroyo@example.net,Bonds trader,Lauren,Moreno,AE,Kweller Prep
1062,duranjessica@example.net,Heritage manager,Norma,Thompson,IN,Manhattan Elite Prep
1063,nelsonchristopher@example.net,Ranger/warden,Tasha,Stewart,US,Miami Learning Center
1064,elizabethbaker@example.org,"Engineer, automotive",David,Mejia,UK,Parliament Tutors
1065,tammycarroll@example.com,Volunteer coordinator,Kristine,Myers,SA,Pinncale Prep
1066,vtaylor@example.net,"Administrator, arts",Denise,Wilson,AUS,Powerscore New York
1067,catherine98@example.org,"Editor, magazine features",Michael,Mendoza,PK,Prepped & Polished
1068,william06@example.org,"Engineer, maintenance (IT)",Jay,Jacobs,SL,Primescore
1069,williammartin@example.com,Operations geologist,Oscar,Andrews,MA,Private Prep
1070,dawn85@example.net,"Optician, dispensing",Jeffrey,Turner,SYN,Scholars Prep
1071,melaniegallegos@example.net,Print production planner,Christian,Owens,AE,Score At The Top
1072,woodrobert@example.com,Financial adviser,Karen,Vega,IN,Specifix Prep
1073,zrivas@example.net,"Surveyor, building",Daniel,Nelson,US,StudyPoint
1074,patricia34@example.com,Market researcher,Kelly,Owens,UK,Summit Educational Group
1075,nielsenjames@example.net,Community pharmacist,Tamara,Rodriguez,SA,TestMasters
1076,randy73@example.net,Arts administrator,Tina,Kramer,AUS,The Princeton Review
1077,campbelldavid@example.com,"Engineer, energy",Kara,Russell,PK,Top Test Prep
1078,william93@example.com,Medical technical officer,Christopher,Thomas,SL,Veritas Tutors
1079,fischerjessica@example.net,Health physicist,Bethany,Johnson,MA,Victory Step Test Prep
1080,blakecruz@example.net,Tourism officer,Kevin,Mcknight,SYN,Wavelength Test Prep
1081,floreskimberly@example.com,"Research officer, trade union",Suzanne,Bray,AE,Academic Advantage
1082,edwardmurphy@example.org,"Conservator, museum/gallery",Emily,Barker,IN,Advantage Testing
1083,peter50@example.com,Waste management officer,Ruben,Campbell,US,BenchPrep
1084,davidmeadows@example.net,"Civil engineer, consulting",Jonathan,Hernandez,UK,Boston College Test Prep
1085,ydouglas@example.net,Glass blower/designer,Jocelyn,Morgan,SA,Chyten Premier Tutors
1086,julian10@example.org,Music therapist,Jeremy,Lindsey,AUS,Club Z!
1087,rallen@example.com,Physiological scientist,Anna,Moreno,PK,Frog Tutoring
1088,melissa88@example.com,Fish farm manager,Michael,Warner,SL,Gables Tutoring And Test Prep
1089,joseknight@example.net,Forensic scientist,Betty,Fox,MA,"General Academic, Inc."
1090,sellerssuzanne@example.com,Ceramics designer,Ryan,Taylor,SYN,Gold Star Tutors
1091,sarah05@example.org,Electrical engineer,Deborah,Johnson,AE,Gold Test Prep
1092,richardsmckenzie@example.net,Exercise physiologist,Sarah,Casey,IN,Guru Tutoring
1093,jacob69@example.org,Therapeutic radiographer,Brian,Lee,US,Huntington Learning Center
1094,brownmark@example.net,"Programmer, applications",Jared,Cole,UK,Ivy Global
1095,jonathonschultz@example.org,Tax adviser,Victoria,Jackson,SA,Kaplan Test Prep
1096,ramosrichard@example.org,Clothing/textile technologist,Lindsey,Carr,AUS,Kweller Prep
1097,villarrealsandra@example.org,Volunteer coordinator,Dylan,Lee,PK,Manhattan Elite Prep
1098,samantha08@example.org,Outdoor activities/education manager,Tracie,May,SL,Miami Learning Center
1099,tinamoses@example.org,Wellsite geologist,Matthew,Smith,MA,Parliament Tutors
1100,piercelaura@example.net,Food technologist,Justin,Gallagher,SYN,Pinncale Prep
